original_filename,zip_filename,shared_datetime_melbourne
IMG_A0492C75-16DC-49E4-A77A-E521900D9FF9.jpeg,2026-09-13_14-22-32_AEST_01_IMG_A0492C75-16DC-49E4-A77A-E521900D9FF9.jpeg,2026-09-13_14-22-32_AEST
IMG_2AF50A7E-C29B-4AFA-97FD-3A68DBFE75EC.jpeg,2026-09-13_14-22-32_AEST_02_IMG_2AF50A7E-C29B-4AFA-97FD-3A68DBFE75EC.jpeg,2026-09-13_14-22-32_AEST
IMG_B4C07661-D307-4ED4-B293-97D6AB403ECD.jpeg,2026-09-13_14-22-32_AEST_03_IMG_B4C07661-D307-4ED4-B293-97D6AB403ECD.jpeg,2026-09-13_14-22-32_AEST
IMG_4B898BDA-DAE2-4F30-89E1-238C405F0C26.jpeg,2026-09-13_14-23-16_AEST_01_IMG_4B898BDA-DAE2-4F30-89E1-238C405F0C26.jpeg,2026-09-13_14-23-16_AEST
IMG_A82A9A5A-2483-48A9-8740-36DF932FF47F.jpeg,2026-09-13_14-27-35_AEST_01_IMG_A82A9A5A-2483-48A9-8740-36DF932FF47F.jpeg,2026-09-13_14-27-35_AEST
IMG_50A0FAC4-D5FF-44B7-8CB8-AB6284300192.jpeg,2026-09-13_14-27-35_AEST_02_IMG_50A0FAC4-D5FF-44B7-8CB8-AB6284300192.jpeg,2026-09-13_14-27-35_AEST
IMG_2A978C8D-FE08-4962-99D0-3BAEFF18275B.jpeg,2026-09-13_14-27-35_AEST_03_IMG_2A978C8D-FE08-4962-99D0-3BAEFF18275B.jpeg,2026-09-13_14-27-35_AEST
IMG_5EB977D8-0B3C-474B-8B23-17BCFB6A8C0C.jpeg,2026-09-13_14-27-35_AEST_04_IMG_5EB977D8-0B3C-474B-8B23-17BCFB6A8C0C.jpeg,2026-09-13_14-27-35_AEST
IMG_1819942A-B536-4C77-9DAD-DBC5BCFC313C.jpeg,2026-09-13_15-31-07_AEST_01_IMG_1819942A-B536-4C77-9DAD-DBC5BCFC313C.jpeg,2026-09-13_15-31-07_AEST
IMG_B63B39F4-943E-4EC2-B3EB-EAF865D73A07.jpeg,2026-09-13_15-31-07_AEST_02_IMG_B63B39F4-943E-4EC2-B3EB-EAF865D73A07.jpeg,2026-09-13_15-31-07_AEST
IMG_9E3D4189-D3E3-40B1-B869-5746B6369B8F.jpeg,2026-09-13_15-31-07_AEST_03_IMG_9E3D4189-D3E3-40B1-B869-5746B6369B8F.jpeg,2026-09-13_15-31-07_AEST
IMG_833D08E5-7CCD-498B-9B80-7628306BE008.jpeg,2026-09-13_15-31-07_AEST_04_IMG_833D08E5-7CCD-498B-9B80-7628306BE008.jpeg,2026-09-13_15-31-07_AEST
IMG_05984670-587D-4AFF-92C9-E3C7A4B0DD68.jpeg,2026-09-13_15-36-33_AEST_01_IMG_05984670-587D-4AFF-92C9-E3C7A4B0DD68.jpeg,2026-09-13_15-36-33_AEST
IMG_A69A38E7-7E9F-4084-BFAE-4641008430B5.jpeg,2026-09-13_15-36-33_AEST_02_IMG_A69A38E7-7E9F-4084-BFAE-4641008430B5.jpeg,2026-09-13_15-36-33_AEST
IMG_936F924F-12E6-476D-8D3D-10839869B2A1.jpeg,2026-09-13_15-36-33_AEST_03_IMG_936F924F-12E6-476D-8D3D-10839869B2A1.jpeg,2026-09-13_15-36-33_AEST
IMG_DA2B224A-BE9C-45BF-A4FD-D07749822E99.jpeg,2026-09-13_15-36-33_AEST_04_IMG_DA2B224A-BE9C-45BF-A4FD-D07749822E99.jpeg,2026-09-13_15-36-33_AEST
IMG_03A51DD9-6E10-4925-B107-70B25FE378AD.jpeg,2026-09-13_15-40-00_AEST_01_IMG_03A51DD9-6E10-4925-B107-70B25FE378AD.jpeg,2026-09-13_15-40-00_AEST
IMG_AE55415C-74FD-4611-A880-FCE3643EDDE8.jpeg,2026-09-13_15-40-00_AEST_02_IMG_AE55415C-74FD-4611-A880-FCE3643EDDE8.jpeg,2026-09-13_15-40-00_AEST
IMG_98C7E755-BD97-4DEC-A07C-F24C4A02FC5C.jpeg,2026-09-13_15-40-00_AEST_03_IMG_98C7E755-BD97-4DEC-A07C-F24C4A02FC5C.jpeg,2026-09-13_15-40-00_AEST
IMG_33774BDD-39FF-46B8-8607-D44C638F58F0.jpeg,2026-09-13_15-40-24_AEST_01_IMG_33774BDD-39FF-46B8-8607-D44C638F58F0.jpeg,2026-09-13_15-40-24_AEST
IMG_BA98A548-3187-47A6-AEB5-1C89A1577C78.jpeg,2026-09-13_15-44-01_AEST_01_IMG_BA98A548-3187-47A6-AEB5-1C89A1577C78.jpeg,2026-09-13_15-44-01_AEST
IMG_D6F0E637-AB54-4359-80FE-F8BDBEFE04C5.jpeg,2026-09-13_15-44-01_AEST_02_IMG_D6F0E637-AB54-4359-80FE-F8BDBEFE04C5.jpeg,2026-09-13_15-44-01_AEST
IMG_B06B7882-6A4D-4BE3-A75C-90FFFEC76296.jpeg,2026-09-13_15-44-01_AEST_03_IMG_B06B7882-6A4D-4BE3-A75C-90FFFEC76296.jpeg,2026-09-13_15-44-01_AEST
IMG_A6D85AC7-0069-4BFF-B163-9A0A0027E84E.jpeg,2026-09-13_15-44-01_AEST_04_IMG_A6D85AC7-0069-4BFF-B163-9A0A0027E84E.jpeg,2026-09-13_15-44-01_AEST
IMG_56335BA1-6691-4BE7-8FF8-6E12DF451021.jpeg,2026-09-13_15-44-01_AEST_05_IMG_56335BA1-6691-4BE7-8FF8-6E12DF451021.jpeg,2026-09-13_15-44-01_AEST
IMG_6F12066D-6F6A-4498-BAE5-8AF9252DF503.jpeg,2026-09-13_15-47-05_AEST_01_IMG_6F12066D-6F6A-4498-BAE5-8AF9252DF503.jpeg,2026-09-13_15-47-05_AEST
IMG_068EE991-0023-4114-A086-0B52968C49F9.jpeg,2026-09-13_15-47-05_AEST_02_IMG_068EE991-0023-4114-A086-0B52968C49F9.jpeg,2026-09-13_15-47-05_AEST
IMG_FECDF839-5BC9-4780-BD34-64ABFFCB2566.jpeg,2026-09-13_15-47-05_AEST_03_IMG_FECDF839-5BC9-4780-BD34-64ABFFCB2566.jpeg,2026-09-13_15-47-05_AEST
IMG_6FB098B3-D9CB-4C9E-9EBE-611B19C2042D.jpeg,2026-09-13_16-10-46_AEST_01_IMG_6FB098B3-D9CB-4C9E-9EBE-611B19C2042D.jpeg,2026-09-13_16-10-46_AEST
IMG_9BB6A03A-08E2-412F-9EC6-2FE5C8E6A4F9.jpeg,2026-09-13_16-16-47_AEST_01_IMG_9BB6A03A-08E2-412F-9EC6-2FE5C8E6A4F9.jpeg,2026-09-13_16-16-47_AEST
IMG_573A44B6-40A7-469B-A3AA-DC41031F9A74.jpeg,2026-09-13_16-16-47_AEST_02_IMG_573A44B6-40A7-469B-A3AA-DC41031F9A74.jpeg,2026-09-13_16-16-47_AEST
IMG_57B8A2AC-08BA-4910-9193-168AB5759227.jpeg,2026-09-13_16-16-47_AEST_03_IMG_57B8A2AC-08BA-4910-9193-168AB5759227.jpeg,2026-09-13_16-16-47_AEST
IMG_6BFD991B-92A2-4031-ACA7-AF3215C6A200.jpeg,2026-09-13_16-16-47_AEST_04_IMG_6BFD991B-92A2-4031-ACA7-AF3215C6A200.jpeg,2026-09-13_16-16-47_AEST
IMG_CD92B7C2-4EE5-43FA-B5A7-0DB3D7C69FCF.jpeg,2026-09-13_16-16-47_AEST_05_IMG_CD92B7C2-4EE5-43FA-B5A7-0DB3D7C69FCF.jpeg,2026-09-13_16-16-47_AEST
IMG_1B39387C-F12A-4152-BFE7-8D5AF279A9A0.jpeg,2026-09-13_16-16-47_AEST_06_IMG_1B39387C-F12A-4152-BFE7-8D5AF279A9A0.jpeg,2026-09-13_16-16-47_AEST
IMG_27138828-D270-4E56-B42F-3BC1B84F470D.jpeg,2026-09-13_16-20-16_AEST_01_IMG_27138828-D270-4E56-B42F-3BC1B84F470D.jpeg,2026-09-13_16-20-16_AEST
IMG_137BAB53-609E-4EE5-AAF0-693B39952548.jpeg,2026-09-13_16-20-16_AEST_02_IMG_137BAB53-609E-4EE5-AAF0-693B39952548.jpeg,2026-09-13_16-20-16_AEST
IMG_61402A1C-27DB-4DB2-8322-4574AEC8439C.jpeg,2026-09-13_16-20-16_AEST_03_IMG_61402A1C-27DB-4DB2-8322-4574AEC8439C.jpeg,2026-09-13_16-20-16_AEST
IMG_06593E9C-0ECE-4541-A951-8899397CC64B.jpeg,2026-09-13_16-20-16_AEST_04_IMG_06593E9C-0ECE-4541-A951-8899397CC64B.jpeg,2026-09-13_16-20-16_AEST
IMG_87737F7E-6927-4AE9-AEA3-B9E47F89C89E.jpeg,2026-09-13_16-22-29_AEST_01_IMG_87737F7E-6927-4AE9-AEA3-B9E47F89C89E.jpeg,2026-09-13_16-22-29_AEST
IMG_78E6698E-04F4-4730-8441-4E203FAA4431.jpeg,2026-09-13_16-22-29_AEST_02_IMG_78E6698E-04F4-4730-8441-4E203FAA4431.jpeg,2026-09-13_16-22-29_AEST
IMG_002D2EBF-AF21-462A-96F0-9712857F70C1.jpeg,2026-09-13_16-26-03_AEST_01_IMG_002D2EBF-AF21-462A-96F0-9712857F70C1.jpeg,2026-09-13_16-26-03_AEST
IMG_E1C0780D-A0AE-4860-8E5D-2F4280757F77.jpeg,2026-09-13_16-26-03_AEST_02_IMG_E1C0780D-A0AE-4860-8E5D-2F4280757F77.jpeg,2026-09-13_16-26-03_AEST
IMG_CEB06FC0-5BB7-4313-9381-B1C337E98479.jpeg,2026-09-13_16-26-03_AEST_03_IMG_CEB06FC0-5BB7-4313-9381-B1C337E98479.jpeg,2026-09-13_16-26-03_AEST
IMG_2D6C4B00-030B-46C6-A793-417B5C6B1571.jpeg,2026-09-13_16-26-03_AEST_04_IMG_2D6C4B00-030B-46C6-A793-417B5C6B1571.jpeg,2026-09-13_16-26-03_AEST
IMG_C80DAA47-8619-4E69-AAE5-A80C59D7AE70.jpeg,2026-09-13_16-28-38_AEST_01_IMG_C80DAA47-8619-4E69-AAE5-A80C59D7AE70.jpeg,2026-09-13_16-28-38_AEST
IMG_179024FD-D66E-4952-874A-C124B8EBAF49.jpeg,2026-09-13_16-28-38_AEST_02_IMG_179024FD-D66E-4952-874A-C124B8EBAF49.jpeg,2026-09-13_16-28-38_AEST
IMG_1F24E332-4A0E-47C1-A276-55329130A731.jpeg,2026-09-13_16-28-38_AEST_03_IMG_1F24E332-4A0E-47C1-A276-55329130A731.jpeg,2026-09-13_16-28-38_AEST
IMG_6126D38B-38A4-4A13-9EB9-BC272153FA11.jpeg,2026-09-13_16-28-38_AEST_04_IMG_6126D38B-38A4-4A13-9EB9-BC272153FA11.jpeg,2026-09-13_16-28-38_AEST
IMG_8A225C25-AFCD-46D2-B5C1-6C2F82B73CC8.jpeg,2026-09-13_16-32-22_AEST_01_IMG_8A225C25-AFCD-46D2-B5C1-6C2F82B73CC8.jpeg,2026-09-13_16-32-22_AEST
IMG_1841ACFD-E95E-4483-A29F-6F20C927459D.jpeg,2026-09-13_16-32-22_AEST_02_IMG_1841ACFD-E95E-4483-A29F-6F20C927459D.jpeg,2026-09-13_16-32-22_AEST
IMG_32C1F8A3-AE64-49A7-A39F-6D4FF6956111.jpeg,2026-09-13_16-32-22_AEST_03_IMG_32C1F8A3-AE64-49A7-A39F-6D4FF6956111.jpeg,2026-09-13_16-32-22_AEST
IMG_D620011F-A2EE-48B6-8C4D-2ECA550D937A.jpeg,2026-09-13_16-33-44_AEST_01_IMG_D620011F-A2EE-48B6-8C4D-2ECA550D937A.jpeg,2026-09-13_16-33-44_AEST
IMG_65B55FBA-E478-496A-BB15-75AFE4D26A4A.jpeg,2026-09-13_16-34-15_AEST_01_IMG_65B55FBA-E478-496A-BB15-75AFE4D26A4A.jpeg,2026-09-13_16-34-15_AEST
IMG_678CC3AA-49C1-4DFA-A43C-B8E4DDFDA7FE.jpeg,2026-09-13_16-35-21_AEST_01_IMG_678CC3AA-49C1-4DFA-A43C-B8E4DDFDA7FE.jpeg,2026-09-13_16-35-21_AEST
IMG_C05714AC-7224-4EE5-9495-C0E037C60DAE.jpeg,2026-09-13_16-40-25_AEST_01_IMG_C05714AC-7224-4EE5-9495-C0E037C60DAE.jpeg,2026-09-13_16-40-25_AEST
IMG_CC3933B3-B5A3-4AE4-A149-9FA96E37D34A.jpeg,2026-09-13_16-40-25_AEST_02_IMG_CC3933B3-B5A3-4AE4-A149-9FA96E37D34A.jpeg,2026-09-13_16-40-25_AEST
IMG_3E8A67B8-3EFB-454E-8483-CB93BFC83BEB.jpeg,2026-09-13_16-40-25_AEST_03_IMG_3E8A67B8-3EFB-454E-8483-CB93BFC83BEB.jpeg,2026-09-13_16-40-25_AEST
IMG_83570806-BC6B-4CF8-98C7-6A86CD6173F8.jpeg,2026-09-13_16-42-04_AEST_01_IMG_83570806-BC6B-4CF8-98C7-6A86CD6173F8.jpeg,2026-09-13_16-42-04_AEST
IMG_A0EFAA01-D089-4067-935C-B633E34D873C.jpeg,2026-09-13_16-42-04_AEST_02_IMG_A0EFAA01-D089-4067-935C-B633E34D873C.jpeg,2026-09-13_16-42-04_AEST
